Model,Training_Accuracy,Test_Accuracy,Precision,Recall,F1_Score,Overfitting_Risk
Logistic Regression,0.7275280898876404,0.7374301675977654,0.6666666666666666,0.5538461538461539,0.6050420168067226,Low
Decision Tree,0.9971910112359551,0.6256983240223464,0.48333333333333334,0.4461538461538462,0.464,High
Random Forest,0.9971910112359551,0.6480446927374302,0.5208333333333334,0.38461538461538464,0.4424778761061947,High
Support Vector Machine,0.7682584269662921,0.6927374301675978,0.6,0.46153846153846156,0.5217391304347826,Low
